"Missing Override annotation","A method that overrides a method in a superclass but does not have an 'Override' annotation cannot take advantage of compiler checks, and makes code less readable.","recommendation","This method overrides [[""Object.toString""|""file:///usr/lib/jvm/java-1.8.0-openjdk-1.8.0.412.b08-1.el7_9.x86_64/jre/lib/rt.jar/java/lang/Object.class:0:0:0:0""]]; it is advisable to add an Override annotation.","/src/java/org/apache/commons/lang/CharRange.java","216","19","216","26"
"Missing Override annotation","A method that overrides a method in a superclass but does not have an 'Override' annotation cannot take advantage of compiler checks, and makes code less readable.","recommendation","This method overrides [[""Object.hashCode""|""file:///usr/lib/jvm/java-1.8.0-openjdk-1.8.0.412.b08-1.el7_9.x86_64/jre/lib/rt.jar/java/lang/Object.class:0:0:0:0""]]; it is advisable to add an Override annotation.","/src/java/org/apache/commons/lang/CharRange.java","207","16","207","23"
"Missing Override annotation","A method that overrides a method in a superclass but does not have an 'Override' annotation cannot take advantage of compiler checks, and makes code less readable.","recommendation","This method overrides [[""Object.equals""|""file:///usr/lib/jvm/java-1.8.0-openjdk-1.8.0.412.b08-1.el7_9.x86_64/jre/lib/rt.jar/java/lang/Object.class:0:0:0:0""]]; it is advisable to add an Override annotation.","/src/java/org/apache/commons/lang/CharRange.java","191","20","191","25"
"Missing Override annotation","A method that overrides a method in a superclass but does not have an 'Override' annotation cannot take advantage of compiler checks, and makes code less readable.","recommendation","This method overrides [[""Object.toString""|""file:///usr/lib/jvm/java-1.8.0-openjdk-1.8.0.412.b08-1.el7_9.x86_64/jre/lib/rt.jar/java/lang/Object.class:0:0:0:0""]]; it is advisable to add an Override annotation.","/src/java/org/apache/commons/lang/CharSet.java","279","19","279","26"
"Missing Override annotation","A method that overrides a method in a superclass but does not have an 'Override' annotation cannot take advantage of compiler checks, and makes code less readable.","recommendation","This method overrides [[""Object.hashCode""|""file:///usr/lib/jvm/java-1.8.0-openjdk-1.8.0.412.b08-1.el7_9.x86_64/jre/lib/rt.jar/java/lang/Object.class:0:0:0:0""]]; it is advisable to add an Override annotation.","/src/java/org/apache/commons/lang/CharSet.java","270","16","270","23"
"Missing Override annotation","A method that overrides a method in a superclass but does not have an 'Override' annotation cannot take advantage of compiler checks, and makes code less readable.","recommendation","This method overrides [[""Object.equals""|""file:///usr/lib/jvm/java-1.8.0-openjdk-1.8.0.412.b08-1.el7_9.x86_64/jre/lib/rt.jar/java/lang/Object.class:0:0:0:0""]]; it is advisable to add an Override annotation.","/src/java/org/apache/commons/lang/CharSet.java","253","20","253","25"
"Missing Override annotation","A method that overrides a method in a superclass but does not have an 'Override' annotation cannot take advantage of compiler checks, and makes code less readable.","recommendation","This method overrides [[""EntityMap.value""|""relative:///src/java/org/apache/commons/lang/Entities.java:416:13:416:17""]]; it is advisable to add an Override annotation.","/src/java/org/apache/commons/lang/Entities.java","608","20","608","24"
"Missing Override annotation","A method that overrides a method in a superclass but does not have an 'Override' annotation cannot take advantage of compiler checks, and makes code less readable.","recommendation","This method overrides [[""EntityMap.name""|""relative:///src/java/org/apache/commons/lang/Entities.java:408:16:408:19""]]; it is advisable to add an Override annotation.","/src/java/org/apache/commons/lang/Entities.java","596","23","596","26"
"Missing Override annotation","A method that overrides a method in a superclass but does not have an 'Override' annotation cannot take advantage of compiler checks, and makes code less readable.","recommendation","This method overrides [[""EntityMap.add""|""relative:///src/java/org/apache/commons/lang/Entities.java:400:14:400:16""]]; it is advisable to add an Override annotation.","/src/java/org/apache/commons/lang/Entities.java","569","21","569","23"
"Missing Override annotation","A method that overrides a method in a superclass but does not have an 'Override' annotation cannot take advantage of compiler checks, and makes code less readable.","recommendation","This method overrides [[""ArrayEntityMap.name""|""relative:///src/java/org/apache/commons/lang/Entities.java:596:23:596:26""]]; it is advisable to add an Override annotation.","/src/java/org/apache/commons/lang/Entities.java","683","23","683","26"
"Missing Override annotation","A method that overrides a method in a superclass but does not have an 'Override' annotation cannot take advantage of compiler checks, and makes code less readable.","recommendation","This method overrides [[""ArrayEntityMap.add""|""relative:///src/java/org/apache/commons/lang/Entities.java:569:21:569:23""]]; it is advisable to add an Override annotation.","/src/java/org/apache/commons/lang/Entities.java","666","21","666","23"
"Missing Override annotation","A method that overrides a method in a superclass but does not have an 'Override' annotation cannot take advantage of compiler checks, and makes code less readable.","recommendation","This method overrides [[""PrimitiveEntityMap.name""|""relative:///src/java/org/apache/commons/lang/Entities.java:434:23:434:26""]]; it is advisable to add an Override annotation.","/src/java/org/apache/commons/lang/Entities.java","509","23","509","26"
"Missing Override annotation","A method that overrides a method in a superclass but does not have an 'Override' annotation cannot take advantage of compiler checks, and makes code less readable.","recommendation","This method overrides [[""EntityMap.value""|""relative:///src/java/org/apache/commons/lang/Entities.java:416:13:416:17""]]; it is advisable to add an Override annotation.","/src/java/org/apache/commons/lang/Entities.java","473","20","473","24"
"Missing Override annotation","A method that overrides a method in a superclass but does not have an 'Override' annotation cannot take advantage of compiler checks, and makes code less readable.","recommendation","This method overrides [[""EntityMap.name""|""relative:///src/java/org/apache/commons/lang/Entities.java:408:16:408:19""]]; it is advisable to add an Override annotation.","/src/java/org/apache/commons/lang/Entities.java","466","23","466","26"
"Missing Override annotation","A method that overrides a method in a superclass but does not have an 'Override' annotation cannot take advantage of compiler checks, and makes code less readable.","recommendation","This method overrides [[""EntityMap.add""|""relative:///src/java/org/apache/commons/lang/Entities.java:400:14:400:16""]]; it is advisable to add an Override annotation.","/src/java/org/apache/commons/lang/Entities.java","458","21","458","23"
"Missing Override annotation","A method that overrides a method in a superclass but does not have an 'Override' annotation cannot take advantage of compiler checks, and makes code less readable.","recommendation","This method overrides [[""EntityMap.value""|""relative:///src/java/org/apache/commons/lang/Entities.java:416:13:416:17""]]; it is advisable to add an Override annotation.","/src/java/org/apache/commons/lang/Entities.java","441","20","441","24"
"Missing Override annotation","A method that overrides a method in a superclass but does not have an 'Override' annotation cannot take advantage of compiler checks, and makes code less readable.","recommendation","This method overrides [[""EntityMap.name""|""relative:///src/java/org/apache/commons/lang/Entities.java:408:16:408:19""]]; it is advisable to add an Override annotation.","/src/java/org/apache/commons/lang/Entities.java","434","23","434","26"
"Missing Override annotation","A method that overrides a method in a superclass but does not have an 'Override' annotation cannot take advantage of compiler checks, and makes code less readable.","recommendation","This method overrides [[""EntityMap.add""|""relative:///src/java/org/apache/commons/lang/Entities.java:400:14:400:16""]]; it is advisable to add an Override annotation.","/src/java/org/apache/commons/lang/Entities.java","426","21","426","23"
"Missing Override annotation","A method that overrides a method in a superclass but does not have an 'Override' annotation cannot take advantage of compiler checks, and makes code less readable.","recommendation","This method overrides [[""ToStringBuilder.toString""|""relative:///src/java/org/apache/commons/lang/builder/ToStringBuilder.java:1034:19:1034:26""]]; it is advisable to add an Override annotation.","/src/java/org/apache/commons/lang/builder/ReflectionToStringBuilder.java","862","19","862","26"
"Missing Override annotation","A method that overrides a method in a superclass but does not have an 'Override' annotation cannot take advantage of compiler checks, and makes code less readable.","recommendation","This method overrides [[""Object.toString""|""file:///usr/lib/jvm/java-1.8.0-openjdk-1.8.0.412.b08-1.el7_9.x86_64/jre/lib/rt.jar/java/lang/Object.class:0:0:0:0""]]; it is advisable to add an Override annotation.","/src/java/org/apache/commons/lang/builder/ToStringBuilder.java","1034","19","1034","26"
"Missing Override annotation","A method that overrides a method in a superclass but does not have an 'Override' annotation cannot take advantage of compiler checks, and makes code less readable.","recommendation","This method overrides [[""Nestable.printPartialStackTrace""|""relative:///src/java/org/apache/commons/lang/exception/Nestable.java:176:17:176:38""]]; it is advisable to add an Override annotation.","/src/java/org/apache/commons/lang/exception/NestableRuntimeException.java","199","23","199","44"
"Missing Override annotation","A method that overrides a method in a superclass but does not have an 'Override' annotation cannot take advantage of compiler checks, and makes code less readable.","recommendation","This method overrides [[""Throwable.printStackTrace""|""file:///usr/lib/jvm/java-1.8.0-openjdk-1.8.0.412.b08-1.el7_9.x86_64/jre/lib/rt.jar/java/lang/Throwable.class:0:0:0:0""]]; it is advisable to add an Override annotation.
This method overrides [[""Nestable.printStackTrace""|""relative:///src/java/org/apache/commons/lang/exception/Nestable.java:155:17:155:31""]]; it is advisable to add an Override annotation.","/src/java/org/apache/commons/lang/exception/NestableRuntimeException.java","192","17","192","31"
"Missing Override annotation","A method that overrides a method in a superclass but does not have an 'Override' annotation cannot take advantage of compiler checks, and makes code less readable.","recommendation","This method overrides [[""Throwable.printStackTrace""|""file:///usr/lib/jvm/java-1.8.0-openjdk-1.8.0.412.b08-1.el7_9.x86_64/jre/lib/rt.jar/java/lang/Throwable.class:0:0:0:0""]]; it is advisable to add an Override annotation.
This method overrides [[""Nestable.printStackTrace""|""relative:///src/java/org/apache/commons/lang/exception/Nestable.java:164:17:164:31""]]; it is advisable to add an Override annotation.","/src/java/org/apache/commons/lang/exception/NestableRuntimeException.java","185","17","185","31"
"Missing Override annotation","A method that overrides a method in a superclass but does not have an 'Override' annotation cannot take advantage of compiler checks, and makes code less readable.","recommendation","This method overrides [[""Throwable.printStackTrace""|""file:///usr/lib/jvm/java-1.8.0-openjdk-1.8.0.412.b08-1.el7_9.x86_64/jre/lib/rt.jar/java/lang/Throwable.class:0:0:0:0""]]; it is advisable to add an Override annotation.","/src/java/org/apache/commons/lang/exception/NestableRuntimeException.java","178","17","178","31"
"Missing Override annotation","A method that overrides a method in a superclass but does not have an 'Override' annotation cannot take advantage of compiler checks, and makes code less readable.","recommendation","This method overrides [[""Nestable.indexOfThrowable""|""relative:///src/java/org/apache/commons/lang/exception/Nestable.java:146:16:146:31""]]; it is advisable to add an Override annotation.","/src/java/org/apache/commons/lang/exception/NestableRuntimeException.java","171","16","171","31"
"Missing Override annotation","A method that overrides a method in a superclass but does not have an 'Override' annotation cannot take advantage of compiler checks, and makes code less readable.","recommendation","This method overrides [[""Nestable.indexOfThrowable""|""relative:///src/java/org/apache/commons/lang/exception/Nestable.java:123:16:123:31""]]; it is advisable to add an Override annotation.","/src/java/org/apache/commons/lang/exception/NestableRuntimeException.java","164","16","164","31"
"Missing Override annotation","A method that overrides a method in a superclass but does not have an 'Override' annotation cannot take advantage of compiler checks, and makes code less readable.","recommendation","This method overrides [[""Nestable.getThrowables""|""relative:///src/java/org/apache/commons/lang/exception/Nestable.java:106:24:106:36""]]; it is advisable to add an Override annotation.","/src/java/org/apache/commons/lang/exception/NestableRuntimeException.java","157","24","157","36"
"Missing Override annotation","A method that overrides a method in a superclass but does not have an 'Override' annotation cannot take advantage of compiler checks, and makes code less readable.","recommendation","This method overrides [[""Nestable.getThrowableCount""|""relative:///src/java/org/apache/commons/lang/exception/Nestable.java:97:16:97:32""]]; it is advisable to add an Override annotation.","/src/java/org/apache/commons/lang/exception/NestableRuntimeException.java","150","16","150","32"
"Missing Override annotation","A method that overrides a method in a superclass but does not have an 'Override' annotation cannot take advantage of compiler checks, and makes code less readable.","recommendation","This method overrides [[""Nestable.getThrowable""|""relative:///src/java/org/apache/commons/lang/exception/Nestable.java:89:22:89:33""]]; it is advisable to add an Override annotation.","/src/java/org/apache/commons/lang/exception/NestableRuntimeException.java","143","22","143","33"
"Missing Override annotation","A method that overrides a method in a superclass but does not have an 'Override' annotation cannot take advantage of compiler checks, and makes code less readable.","recommendation","This method overrides [[""Nestable.getMessages""|""relative:///src/java/org/apache/commons/lang/exception/Nestable.java:76:21:76:31""]]; it is advisable to add an Override annotation.","/src/java/org/apache/commons/lang/exception/NestableRuntimeException.java","136","21","136","31"
"Missing Override annotation","A method that overrides a method in a superclass but does not have an 'Override' annotation cannot take advantage of compiler checks, and makes code less readable.","recommendation","This method overrides [[""Nestable.getMessage""|""relative:///src/java/org/apache/commons/lang/exception/Nestable.java:64:19:64:28""]]; it is advisable to add an Override annotation.","/src/java/org/apache/commons/lang/exception/NestableRuntimeException.java","125","19","125","28"
"Missing Override annotation","A method that overrides a method in a superclass but does not have an 'Override' annotation cannot take advantage of compiler checks, and makes code less readable.","recommendation","This method overrides [[""Throwable.getMessage""|""file:///usr/lib/jvm/java-1.8.0-openjdk-1.8.0.412.b08-1.el7_9.x86_64/jre/lib/rt.jar/java/lang/Throwable.class:0:0:0:0""]]; it is advisable to add an Override annotation.
This method overrides [[""Nestable.getMessage""|""relative:///src/java/org/apache/commons/lang/exception/Nestable.java:50:19:50:28""]]; it is advisable to add an Override annotation.","/src/java/org/apache/commons/lang/exception/NestableRuntimeException.java","112","19","112","28"
"Missing Override annotation","A method that overrides a method in a superclass but does not have an 'Override' annotation cannot take advantage of compiler checks, and makes code less readable.","recommendation","This method overrides [[""Throwable.getCause""|""file:///usr/lib/jvm/java-1.8.0-openjdk-1.8.0.412.b08-1.el7_9.x86_64/jre/lib/rt.jar/java/lang/Throwable.class:0:0:0:0""]]; it is advisable to add an Override annotation.
This method overrides [[""Nestable.getCause""|""relative:///src/java/org/apache/commons/lang/exception/Nestable.java:42:22:42:29""]]; it is advisable to add an Override annotation.","/src/java/org/apache/commons/lang/exception/NestableRuntimeException.java","101","22","101","29"
"Missing Override annotation","A method that overrides a method in a superclass but does not have an 'Override' annotation cannot take advantage of compiler checks, and makes code less readable.","recommendation","This method overrides [[""ThreadLocal<>.initialValue""|""file:///usr/lib/jvm/java-1.8.0-openjdk-1.8.0.412.b08-1.el7_9.x86_64/jre/lib/rt.jar/java/lang/ThreadLocal.class:0:0:0:0""]]; it is advisable to add an Override annotation.","/src/java/org/apache/commons/lang/builder/HashCodeBuilder.java","106","39","106","50"
"Missing Override annotation","A method that overrides a method in a superclass but does not have an 'Override' annotation cannot take advantage of compiler checks, and makes code less readable.","recommendation","This method overrides [[""ThreadLocal<>.initialValue""|""file:///usr/lib/jvm/java-1.8.0-openjdk-1.8.0.412.b08-1.el7_9.x86_64/jre/lib/rt.jar/java/lang/ThreadLocal.class:0:0:0:0""]]; it is advisable to add an Override annotation.","/src/java/org/apache/commons/lang/builder/ReflectionToStringBuilder.java","105","39","105","50"
"Deprecated method or constructor invocation","Using a method or constructor that has been marked as deprecated may be dangerous or fail to take advantage of a better method or constructor.","recommendation","Invoking [[""CharSetUtils.evaluateSet""|""relative:///src/java/org/apache/commons/lang/CharSetUtils.java:69:27:69:37""]] should be avoided because it has been deprecated.","/src/java/org/apache/commons/lang/CharSetUtils.java","123","25","123","40"
"Deprecated method or constructor invocation","Using a method or constructor that has been marked as deprecated may be dangerous or fail to take advantage of a better method or constructor.","recommendation","Invoking [[""CharSetUtils.evaluateSet""|""relative:///src/java/org/apache/commons/lang/CharSetUtils.java:69:27:69:37""]] should be avoided because it has been deprecated.","/src/java/org/apache/commons/lang/CharSetUtils.java","189","25","189","40"
"Deprecated method or constructor invocation","Using a method or constructor that has been marked as deprecated may be dangerous or fail to take advantage of a better method or constructor.","recommendation","Invoking [[""CharSetUtils.evaluateSet""|""relative:///src/java/org/apache/commons/lang/CharSetUtils.java:69:27:69:37""]] should be avoided because it has been deprecated.","/src/java/org/apache/commons/lang/CharSetUtils.java","321","25","321","40"
"Useless parameter","Parameters that are not used add unnecessary complexity to an interface.","recommendation","The parameter 'fieldName' is never used.","/src/java/org/apache/commons/lang/builder/ToStringStyle.java","1402","59","1402","74"
"Useless parameter","Parameters that are not used add unnecessary complexity to an interface.","recommendation","The parameter 'fieldName' is never used.","/src/java/org/apache/commons/lang/builder/ToStringStyle.java","1383","56","1383","71"
"Useless parameter","Parameters that are not used add unnecessary complexity to an interface.","recommendation","The parameter 'fieldName' is never used.","/src/java/org/apache/commons/lang/builder/ToStringStyle.java","1351","56","1351","71"
"Useless parameter","Parameters that are not used add unnecessary complexity to an interface.","recommendation","The parameter 'fieldName' is never used.","/src/java/org/apache/commons/lang/builder/ToStringStyle.java","708","54","708","69"
"Useless parameter","Parameters that are not used add unnecessary complexity to an interface.","recommendation","The parameter 'fieldName' is never used.","/src/java/org/apache/commons/lang/builder/ToStringStyle.java","680","54","680","69"
"Useless parameter","Parameters that are not used add unnecessary complexity to an interface.","recommendation","The parameter 'fieldName' is never used.","/src/java/org/apache/commons/lang/builder/ToStringStyle.java","652","54","652","69"
"Useless parameter","Parameters that are not used add unnecessary complexity to an interface.","recommendation","The parameter 'fieldName' is never used.","/src/java/org/apache/commons/lang/builder/ToStringStyle.java","624","54","624","69"
"Useless parameter","Parameters that are not used add unnecessary complexity to an interface.","recommendation","The parameter 'fieldName' is never used.","/src/java/org/apache/commons/lang/builder/ToStringStyle.java","596","54","596","69"
"Useless parameter","Parameters that are not used add unnecessary complexity to an interface.","recommendation","The parameter 'fieldName' is never used.","/src/java/org/apache/commons/lang/builder/ToStringStyle.java","568","54","568","69"
"Useless parameter","Parameters that are not used add unnecessary complexity to an interface.","recommendation","The parameter 'fieldName' is never used.","/src/java/org/apache/commons/lang/builder/ToStringStyle.java","540","54","540","69"
"Useless parameter","Parameters that are not used add unnecessary complexity to an interface.","recommendation","The parameter 'fieldName' is never used.","/src/java/org/apache/commons/lang/builder/ToStringStyle.java","512","54","512","69"
"Useless parameter","Parameters that are not used add unnecessary complexity to an interface.","recommendation","The parameter 'fieldName' is never used.","/src/java/org/apache/commons/lang/builder/ToStringStyle.java","482","55","482","70"
"Useless parameter","Parameters that are not used add unnecessary complexity to an interface.","recommendation","The parameter 'fieldName' is never used.","/src/java/org/apache/commons/lang/builder/ToStringStyle.java","469","54","469","69"
"Useless parameter","Parameters that are not used add unnecessary complexity to an interface.","recommendation","The parameter 'fieldName' is never used.","/src/java/org/apache/commons/lang/builder/ToStringStyle.java","457","54","457","69"
"Useless parameter","Parameters that are not used add unnecessary complexity to an interface.","recommendation","The parameter 'fieldName' is never used.","/src/java/org/apache/commons/lang/builder/ToStringStyle.java","445","54","445","69"
"Useless parameter","Parameters that are not used add unnecessary complexity to an interface.","recommendation","The parameter 'object' is never used.","/src/java/org/apache/commons/lang/builder/ToStringStyle.java","270","48","270","60"
"Chain of 'instanceof' tests","Long sequences of type tests on a variable are difficult to maintain.","recommendation","This if block performs a chain of 8 type tests - consider alternatives, e.g. polymorphism or the visitor pattern.","/src/java/org/apache/commons/lang/builder/EqualsBuilder.java","380","9","380","32"
"Chain of 'instanceof' tests","Long sequences of type tests on a variable are difficult to maintain.","recommendation","This if block performs a chain of 8 type tests - consider alternatives, e.g. polymorphism or the visitor pattern.","/src/java/org/apache/commons/lang/builder/HashCodeBuilder.java","861","17","861","45"
"Chain of 'instanceof' tests","Long sequences of type tests on a variable are difficult to maintain.","recommendation","This if block performs a chain of 10 type tests - consider alternatives, e.g. polymorphism or the visitor pattern.","/src/java/org/apache/commons/lang/builder/ToStringStyle.java","346","9","347","100"
"Non-synchronized override of synchronized method","If a synchronized method is overridden in a subclass, and the overriding method is not synchronized, the thread-safety of the subclass may be broken.","warning","Method 'getCause' overrides a synchronized method in [[""java.lang.Throwable""|""file:///usr/lib/jvm/java-1.8.0-openjdk-1.8.0.412.b08-1.el7_9.x86_64/jre/lib/rt.jar/java/lang/Throwable.class:0:0:0:0""]] but is not synchronized.","/src/java/org/apache/commons/lang/exception/NestableRuntimeException.java","101","22","101","29"
"Inefficient empty string test","Checking a string for equality with an empty string is inefficient.","recommendation","Inefficient comparison to empty string, check for zero length instead.","/src/java/org/apache/commons/lang/StringUtils.java","2139","41","2139","62"
"Inefficient primitive constructor","Calling the constructor of a boxed type is inefficient.","recommendation","Inefficient constructor for char value, use Character.valueOf(...) instead.","/src/java/org/apache/commons/lang/ArrayUtils.java","2334","25","2334","47"
"Inefficient primitive constructor","Calling the constructor of a boxed type is inefficient.","recommendation","Inefficient constructor for long value, use Long.valueOf(...) instead.","/src/java/org/apache/commons/lang/ArrayUtils.java","2402","25","2402","42"
"Inefficient primitive constructor","Calling the constructor of a boxed type is inefficient.","recommendation","Inefficient constructor for int value, use Integer.valueOf(...) instead.","/src/java/org/apache/commons/lang/ArrayUtils.java","2470","25","2470","45"
"Inefficient primitive constructor","Calling the constructor of a boxed type is inefficient.","recommendation","Inefficient constructor for short value, use Short.valueOf(...) instead.","/src/java/org/apache/commons/lang/ArrayUtils.java","2538","25","2538","43"
"Inefficient primitive constructor","Calling the constructor of a boxed type is inefficient.","recommendation","Inefficient constructor for byte value, use Byte.valueOf(...) instead.","/src/java/org/apache/commons/lang/ArrayUtils.java","2606","25","2606","42"
"Inefficient primitive constructor","Calling the constructor of a boxed type is inefficient.","recommendation","Inefficient constructor for double value, use Double.valueOf(...) instead.","/src/java/org/apache/commons/lang/ArrayUtils.java","2674","25","2674","44"
"Inefficient primitive constructor","Calling the constructor of a boxed type is inefficient.","recommendation","Inefficient constructor for float value, use Float.valueOf(...) instead.","/src/java/org/apache/commons/lang/ArrayUtils.java","2742","25","2742","43"
"Inefficient primitive constructor","Calling the constructor of a boxed type is inefficient.","recommendation","Inefficient constructor for char value, use Character.valueOf(...) instead.","/src/java/org/apache/commons/lang/ArrayUtils.java","3574","44","3574","65"
"Inefficient primitive constructor","Calling the constructor of a boxed type is inefficient.","recommendation","Inefficient constructor for byte value, use Byte.valueOf(...) instead.","/src/java/org/apache/commons/lang/ArrayUtils.java","3605","44","3605","60"
"Inefficient primitive constructor","Calling the constructor of a boxed type is inefficient.","recommendation","Inefficient constructor for short value, use Short.valueOf(...) instead.","/src/java/org/apache/commons/lang/ArrayUtils.java","3636","45","3636","62"
"Inefficient primitive constructor","Calling the constructor of a boxed type is inefficient.","recommendation","Inefficient constructor for int value, use Integer.valueOf(...) instead.","/src/java/org/apache/commons/lang/ArrayUtils.java","3667","43","3667","62"
"Inefficient primitive constructor","Calling the constructor of a boxed type is inefficient.","recommendation","Inefficient constructor for long value, use Long.valueOf(...) instead.","/src/java/org/apache/commons/lang/ArrayUtils.java","3698","44","3698","60"
"Inefficient primitive constructor","Calling the constructor of a boxed type is inefficient.","recommendation","Inefficient constructor for float value, use Float.valueOf(...) instead.","/src/java/org/apache/commons/lang/ArrayUtils.java","3729","45","3729","62"
"Inefficient primitive constructor","Calling the constructor of a boxed type is inefficient.","recommendation","Inefficient constructor for double value, use Double.valueOf(...) instead.","/src/java/org/apache/commons/lang/ArrayUtils.java","3760","46","3760","64"
"Inefficient primitive constructor","Calling the constructor of a boxed type is inefficient.","recommendation","Inefficient constructor for char value, use Character.valueOf(...) instead.","/src/java/org/apache/commons/lang/CharUtils.java","75","29","75","51"
"Inefficient primitive constructor","Calling the constructor of a boxed type is inefficient.","recommendation","Inefficient constructor for char value, use Character.valueOf(...) instead.","/src/java/org/apache/commons/lang/CharUtils.java","109","16","109","32"
"Inefficient primitive constructor","Calling the constructor of a boxed type is inefficient.","recommendation","Inefficient constructor for int value, use Integer.valueOf(...) instead.","/src/java/org/apache/commons/lang/Entities.java","427","38","427","55"
"Inefficient primitive constructor","Calling the constructor of a boxed type is inefficient.","recommendation","Inefficient constructor for int value, use Integer.valueOf(...) instead.","/src/java/org/apache/commons/lang/Entities.java","459","38","459","55"
"Inefficient primitive constructor","Calling the constructor of a boxed type is inefficient.","recommendation","Inefficient constructor for int value, use Integer.valueOf(...) instead.","/src/java/org/apache/commons/lang/Entities.java","460","32","460","49"
"Inefficient primitive constructor","Calling the constructor of a boxed type is inefficient.","recommendation","Inefficient constructor for int value, use Integer.valueOf(...) instead.","/src/java/org/apache/commons/lang/Entities.java","467","48","467","65"
"Inefficient primitive constructor","Calling the constructor of a boxed type is inefficient.","recommendation","Inefficient constructor for int value, use Integer.valueOf(...) instead.","/src/java/org/apache/commons/lang/builder/HashCodeBuilder.java","521","16","521","58"
"Inefficient primitive constructor","Calling the constructor of a boxed type is inefficient.","recommendation","Inefficient constructor for long value, use Long.valueOf(...) instead.","/src/java/org/apache/commons/lang/math/NumberUtils.java","41","42","41","53"
"Inefficient primitive constructor","Calling the constructor of a boxed type is inefficient.","recommendation","Inefficient constructor for long value, use Long.valueOf(...) instead.","/src/java/org/apache/commons/lang/math/NumberUtils.java","43","41","43","52"
"Inefficient primitive constructor","Calling the constructor of a boxed type is inefficient.","recommendation","Inefficient constructor for long value, use Long.valueOf(...) instead.","/src/java/org/apache/commons/lang/math/NumberUtils.java","45","47","45","59"
"Inefficient primitive constructor","Calling the constructor of a boxed type is inefficient.","recommendation","Inefficient constructor for int value, use Integer.valueOf(...) instead.","/src/java/org/apache/commons/lang/math/NumberUtils.java","47","48","47","61"
"Inefficient primitive constructor","Calling the constructor of a boxed type is inefficient.","recommendation","Inefficient constructor for int value, use Integer.valueOf(...) instead.","/src/java/org/apache/commons/lang/math/NumberUtils.java","49","47","49","60"
"Inefficient primitive constructor","Calling the constructor of a boxed type is inefficient.","recommendation","Inefficient constructor for int value, use Integer.valueOf(...) instead.","/src/java/org/apache/commons/lang/math/NumberUtils.java","51","53","51","67"
"Inefficient primitive constructor","Calling the constructor of a boxed type is inefficient.","recommendation","Inefficient constructor for short value, use Short.valueOf(...) instead.","/src/java/org/apache/commons/lang/math/NumberUtils.java","53","44","53","63"
"Inefficient primitive constructor","Calling the constructor of a boxed type is inefficient.","recommendation","Inefficient constructor for short value, use Short.valueOf(...) instead.","/src/java/org/apache/commons/lang/math/NumberUtils.java","55","43","55","62"
"Inefficient primitive constructor","Calling the constructor of a boxed type is inefficient.","recommendation","Inefficient constructor for short value, use Short.valueOf(...) instead.","/src/java/org/apache/commons/lang/math/NumberUtils.java","57","49","57","69"
"Inefficient primitive constructor","Calling the constructor of a boxed type is inefficient.","recommendation","Inefficient constructor for byte value, use Byte.valueOf(...) instead.","/src/java/org/apache/commons/lang/math/NumberUtils.java","59","42","59","59"
"Inefficient primitive constructor","Calling the constructor of a boxed type is inefficient.","recommendation","Inefficient constructor for byte value, use Byte.valueOf(...) instead.","/src/java/org/apache/commons/lang/math/NumberUtils.java","61","41","61","58"
"Inefficient primitive constructor","Calling the constructor of a boxed type is inefficient.","recommendation","Inefficient constructor for byte value, use Byte.valueOf(...) instead.","/src/java/org/apache/commons/lang/math/NumberUtils.java","63","47","63","65"
"Inefficient primitive constructor","Calling the constructor of a boxed type is inefficient.","recommendation","Inefficient constructor for double value, use Double.valueOf(...) instead.","/src/java/org/apache/commons/lang/math/NumberUtils.java","65","46","65","61"
"Inefficient primitive constructor","Calling the constructor of a boxed type is inefficient.","recommendation","Inefficient constructor for double value, use Double.valueOf(...) instead.","/src/java/org/apache/commons/lang/math/NumberUtils.java","67","45","67","60"
"Inefficient primitive constructor","Calling the constructor of a boxed type is inefficient.","recommendation","Inefficient constructor for double value, use Double.valueOf(...) instead.","/src/java/org/apache/commons/lang/math/NumberUtils.java","69","51","69","67"
"Inefficient primitive constructor","Calling the constructor of a boxed type is inefficient.","recommendation","Inefficient constructor for float value, use Float.valueOf(...) instead.","/src/java/org/apache/commons/lang/math/NumberUtils.java","71","44","71","58"
"Inefficient primitive constructor","Calling the constructor of a boxed type is inefficient.","recommendation","Inefficient constructor for float value, use Float.valueOf(...) instead.","/src/java/org/apache/commons/lang/math/NumberUtils.java","73","43","73","57"
"Inefficient primitive constructor","Calling the constructor of a boxed type is inefficient.","recommendation","Inefficient constructor for float value, use Float.valueOf(...) instead.","/src/java/org/apache/commons/lang/math/NumberUtils.java","75","49","75","64"
"Failure to use HTTPS or SFTP URL in Maven artifact upload/download","Non-HTTPS connections can be intercepted by third parties.","error","Downloading or uploading artifacts over insecure protocol (eg. http or ftp) to/from repository http://svn.apache.org/viewvc/jakarta/commons/proper/lang/trunk","/project.xml","51","5","54","18"
"Missing catch of NumberFormatException","Calling a string to number conversion method without handling 'NumberFormatException' may cause unexpected runtime exceptions.","recommendation","Potential uncaught 'java.lang.NumberFormatException'.","/src/java/org/apache/commons/lang/Entities.java","702","42","702","76"
"Missing catch of NumberFormatException","Calling a string to number conversion method without handling 'NumberFormatException' may cause unexpected runtime exceptions.","recommendation","Potential uncaught 'java.lang.NumberFormatException'.","/src/java/org/apache/commons/lang/math/NumberUtils.java","581","16","581","33"
"Missing catch of NumberFormatException","Calling a string to number conversion method without handling 'NumberFormatException' may cause unexpected runtime exceptions.","recommendation","Potential uncaught 'java.lang.NumberFormatException'.","/src/java/org/apache/commons/lang/math/NumberUtils.java","597","16","597","34"
"Missing catch of NumberFormatException","Calling a string to number conversion method without handling 'NumberFormatException' may cause unexpected runtime exceptions.","recommendation","Potential uncaught 'java.lang.NumberFormatException'.","/src/java/org/apache/commons/lang/math/NumberUtils.java","615","16","615","34"
"Missing catch of NumberFormatException","Calling a string to number conversion method without handling 'NumberFormatException' may cause unexpected runtime exceptions.","recommendation","Potential uncaught 'java.lang.NumberFormatException'.","/src/java/org/apache/commons/lang/math/NumberUtils.java","631","16","631","32"
"Confusing overloading of methods","Overloaded methods that have the same number of parameters, where each pair of corresponding parameter types is convertible by casting or autoboxing, may be confusing.","recommendation","Method BooleanUtils.toStringYesNo(..) could be confused with overloaded method [[""toStringYesNo""|""relative:///src/java/org/apache/commons/lang/BooleanUtils.java:757:26:757:38""]], since dispatch depends on static types.","/src/java/org/apache/commons/lang/BooleanUtils.java","835","26","835","38"
"Confusing overloading of methods","Overloaded methods that have the same number of parameters, where each pair of corresponding parameter types is convertible by casting or autoboxing, may be confusing.","recommendation","Method BooleanUtils.toStringOnOff(..) could be confused with overloaded method [[""toStringOnOff""|""relative:///src/java/org/apache/commons/lang/BooleanUtils.java:739:26:739:38""]], since dispatch depends on static types.","/src/java/org/apache/commons/lang/BooleanUtils.java","818","26","818","38"
"Confusing overloading of methods","Overloaded methods that have the same number of parameters, where each pair of corresponding parameter types is convertible by casting or autoboxing, may be confusing.","recommendation","Method BooleanUtils.toStringTrueFalse(..) could be confused with overloaded method [[""toStringTrueFalse""|""relative:///src/java/org/apache/commons/lang/BooleanUtils.java:721:26:721:42""]], since dispatch depends on static types.","/src/java/org/apache/commons/lang/BooleanUtils.java","801","26","801","42"
"Confusing overloading of methods","Overloaded methods that have the same number of parameters, where each pair of corresponding parameter types is convertible by casting or autoboxing, may be confusing.","recommendation","Method BooleanUtils.toIntegerObject(..) could be confused with overloaded method [[""toIntegerObject""|""relative:///src/java/org/apache/commons/lang/BooleanUtils.java:407:27:407:41""]], since dispatch depends on static types.","/src/java/org/apache/commons/lang/BooleanUtils.java","389","27","389","41"
"Confusing overloading of methods","Overloaded methods that have the same number of parameters, where each pair of corresponding parameter types is convertible by casting or autoboxing, may be confusing.","recommendation","Method BooleanUtils.toBooleanObject(..) could be confused with overloaded method [[""toBooleanObject""|""relative:///src/java/org/apache/commons/lang/BooleanUtils.java:339:27:339:41""]], since dispatch depends on static types.","/src/java/org/apache/commons/lang/BooleanUtils.java","308","27","308","41"
"Confusing overloading of methods","Overloaded methods that have the same number of parameters, where each pair of corresponding parameter types is convertible by casting or autoboxing, may be confusing.","recommendation","Method BooleanUtils.toBoolean(..) could be confused with overloaded method [[""toBoolean""|""relative:///src/java/org/apache/commons/lang/BooleanUtils.java:276:27:276:35""]], since dispatch depends on static types.","/src/java/org/apache/commons/lang/BooleanUtils.java","247","27","247","35"
"Confusing overloading of methods","Overloaded methods that have the same number of parameters, where each pair of corresponding parameter types is convertible by casting or autoboxing, may be confusing.","recommendation","Method BooleanUtils.toBooleanObject(..) could be confused with overloaded method [[""toBooleanObject""|""relative:///src/java/org/apache/commons/lang/BooleanUtils.java:224:27:224:41""]], since dispatch depends on static types.","/src/java/org/apache/commons/lang/BooleanUtils.java","204","27","204","41"
"Confusing overloading of methods","Overloaded methods that have the same number of parameters, where each pair of corresponding parameter types is convertible by casting or autoboxing, may be confusing.","recommendation","Method CharUtils.unicodeEscaped(..) could be confused with overloaded method [[""unicodeEscaped""|""relative:///src/java/org/apache/commons/lang/CharUtils.java:400:26:400:39""]], since dispatch depends on static types.","/src/java/org/apache/commons/lang/CharUtils.java","373","26","373","39"
"Confusing overloading of methods","Overloaded methods that have the same number of parameters, where each pair of corresponding parameter types is convertible by casting or autoboxing, may be confusing.","recommendation","Method CharUtils.toString(..) could be confused with overloaded method [[""toString""|""relative:///src/java/org/apache/commons/lang/CharUtils.java:352:26:352:33""]], since dispatch depends on static types.","/src/java/org/apache/commons/lang/CharUtils.java","328","26","328","33"
"Confusing overloading of methods","Overloaded methods that have the same number of parameters, where each pair of corresponding parameter types is convertible by casting or autoboxing, may be confusing.","recommendation","Method CharUtils.toIntValue(..) could be confused with overloaded method [[""toIntValue""|""relative:///src/java/org/apache/commons/lang/CharUtils.java:306:23:306:32""]], since dispatch depends on static types.","/src/java/org/apache/commons/lang/CharUtils.java","260","23","260","32"
"Confusing overloading of methods","Overloaded methods that have the same number of parameters, where each pair of corresponding parameter types is convertible by casting or autoboxing, may be confusing.","recommendation","Method CharUtils.toIntValue(..) could be confused with overloaded method [[""toIntValue""|""relative:///src/java/org/apache/commons/lang/CharUtils.java:283:23:283:32""]], since dispatch depends on static types.","/src/java/org/apache/commons/lang/CharUtils.java","238","23","238","32"
"Confusing overloading of methods","Overloaded methods that have the same number of parameters, where each pair of corresponding parameter types is convertible by casting or autoboxing, may be confusing.","recommendation","Method EqualsBuilder.append(..) could be confused with overloaded method [[""append""|""relative:///src/java/org/apache/commons/lang/builder/EqualsBuilder.java:368:26:368:31""]], since dispatch depends on static types.","/src/java/org/apache/commons/lang/builder/EqualsBuilder.java","804","26","804","31"
"Confusing overloading of methods","Overloaded methods that have the same number of parameters, where each pair of corresponding parameter types is convertible by casting or autoboxing, may be confusing.","recommendation","Method EqualsBuilder.append(..) could be confused with overloaded method [[""append""|""relative:///src/java/org/apache/commons/lang/builder/EqualsBuilder.java:368:26:368:31""]], since dispatch depends on static types.","/src/java/org/apache/commons/lang/builder/EqualsBuilder.java","773","26","773","31"
"Confusing overloading of methods","Overloaded methods that have the same number of parameters, where each pair of corresponding parameter types is convertible by casting or autoboxing, may be confusing.","recommendation","Method EqualsBuilder.append(..) could be confused with overloaded method [[""append""|""relative:///src/java/org/apache/commons/lang/builder/EqualsBuilder.java:368:26:368:31""]], since dispatch depends on static types.","/src/java/org/apache/commons/lang/builder/EqualsBuilder.java","742","26","742","31"
"Confusing overloading of methods","Overloaded methods that have the same number of parameters, where each pair of corresponding parameter types is convertible by casting or autoboxing, may be confusing.","recommendation","Method EqualsBuilder.append(..) could be confused with overloaded method [[""append""|""relative:///src/java/org/apache/commons/lang/builder/EqualsBuilder.java:368:26:368:31""]], since dispatch depends on static types.","/src/java/org/apache/commons/lang/builder/EqualsBuilder.java","711","26","711","31"
"Confusing overloading of methods","Overloaded methods that have the same number of parameters, where each pair of corresponding parameter types is convertible by casting or autoboxing, may be confusing.","recommendation","Method EqualsBuilder.append(..) could be confused with overloaded method [[""append""|""relative:///src/java/org/apache/commons/lang/builder/EqualsBuilder.java:368:26:368:31""]], since dispatch depends on static types.","/src/java/org/apache/commons/lang/builder/EqualsBuilder.java","680","26","680","31"
"Confusing overloading of methods","Overloaded methods that have the same number of parameters, where each pair of corresponding parameter types is convertible by casting or autoboxing, may be confusing.","recommendation","Method EqualsBuilder.append(..) could be confused with overloaded method [[""append""|""relative:///src/java/org/apache/commons/lang/builder/EqualsBuilder.java:368:26:368:31""]], since dispatch depends on static types.","/src/java/org/apache/commons/lang/builder/EqualsBuilder.java","618","26","618","31"
"Confusing overloading of methods","Overloaded methods that have the same number of parameters, where each pair of corresponding parameter types is convertible by casting or autoboxing, may be confusing.","recommendation","Method EqualsBuilder.append(..) could be confused with overloaded method [[""append""|""relative:///src/java/org/apache/commons/lang/builder/EqualsBuilder.java:649:26:649:31""]], since dispatch depends on static types.
Method EqualsBuilder.append(..) could be confused with overloaded method [[""append""|""relative:///src/java/org/apache/commons/lang/builder/EqualsBuilder.java:587:26:587:31""]], since dispatch depends on static types.
Method EqualsBuilder.append(..) could be confused with overloaded method [[""append""|""relative:///src/java/org/apache/commons/lang/builder/EqualsBuilder.java:556:26:556:31""]], since dispatch depends on static types.","/src/java/org/apache/commons/lang/builder/EqualsBuilder.java","368","26","368","31"
"Confusing overloading of methods","Overloaded methods that have the same number of parameters, where each pair of corresponding parameter types is convertible by casting or autoboxing, may be confusing.","recommendation","Method HashCodeBuilder.append(..) could be confused with overloaded method [[""append""|""relative:///src/java/org/apache/commons/lang/builder/HashCodeBuilder.java:929:28:929:33""]], since dispatch depends on static types.
Method HashCodeBuilder.append(..) could be confused with overloaded method [[""append""|""relative:///src/java/org/apache/commons/lang/builder/HashCodeBuilder.java:895:28:895:33""]], since dispatch depends on static types.
Method HashCodeBuilder.append(..) could be confused with overloaded method [[""append""|""relative:///src/java/org/apache/commons/lang/builder/HashCodeBuilder.java:829:28:829:33""]], since dispatch depends on static types.","/src/java/org/apache/commons/lang/builder/HashCodeBuilder.java","849","28","849","33"
"Confusing overloading of methods","Overloaded methods that have the same number of parameters, where each pair of corresponding parameter types is convertible by casting or autoboxing, may be confusing.","recommendation","Method HashCodeBuilder.append(..) could be confused with overloaded method [[""append""|""relative:///src/java/org/apache/commons/lang/builder/HashCodeBuilder.java:849:28:849:33""]], since dispatch depends on static types.","/src/java/org/apache/commons/lang/builder/HashCodeBuilder.java","795","28","795","33"
"Confusing overloading of methods","Overloaded methods that have the same number of parameters, where each pair of corresponding parameter types is convertible by casting or autoboxing, may be confusing.","recommendation","Method HashCodeBuilder.append(..) could be confused with overloaded method [[""append""|""relative:///src/java/org/apache/commons/lang/builder/HashCodeBuilder.java:849:28:849:33""]], since dispatch depends on static types.","/src/java/org/apache/commons/lang/builder/HashCodeBuilder.java","761","28","761","33"
"Confusing overloading of methods","Overloaded methods that have the same number of parameters, where each pair of corresponding parameter types is convertible by casting or autoboxing, may be confusing.","recommendation","Method HashCodeBuilder.append(..) could be confused with overloaded method [[""append""|""relative:///src/java/org/apache/commons/lang/builder/HashCodeBuilder.java:849:28:849:33""]], since dispatch depends on static types.","/src/java/org/apache/commons/lang/builder/HashCodeBuilder.java","727","28","727","33"
"Confusing overloading of methods","Overloaded methods that have the same number of parameters, where each pair of corresponding parameter types is convertible by casting or autoboxing, may be confusing.","recommendation","Method HashCodeBuilder.append(..) could be confused with overloaded method [[""append""|""relative:///src/java/org/apache/commons/lang/builder/HashCodeBuilder.java:849:28:849:33""]], since dispatch depends on static types.","/src/java/org/apache/commons/lang/builder/HashCodeBuilder.java","694","28","694","33"
"Confusing overloading of methods","Overloaded methods that have the same number of parameters, where each pair of corresponding parameter types is convertible by casting or autoboxing, may be confusing.","recommendation","Method HashCodeBuilder.append(..) could be confused with overloaded method [[""append""|""relative:///src/java/org/apache/commons/lang/builder/HashCodeBuilder.java:849:28:849:33""]], since dispatch depends on static types.","/src/java/org/apache/commons/lang/builder/HashCodeBuilder.java","660","28","660","33"
"Confusing overloading of methods","Overloaded methods that have the same number of parameters, where each pair of corresponding parameter types is convertible by casting or autoboxing, may be confusing.","recommendation","Method HashCodeBuilder.append(..) could be confused with overloaded method [[""append""|""relative:///src/java/org/apache/commons/lang/builder/HashCodeBuilder.java:849:28:849:33""]], since dispatch depends on static types.","/src/java/org/apache/commons/lang/builder/HashCodeBuilder.java","622","28","622","33"
"Confusing overloading of methods","Overloaded methods that have the same number of parameters, where each pair of corresponding parameter types is convertible by casting or autoboxing, may be confusing.","recommendation","Method ToStringBuilder.append(..) could be confused with overloaded method [[""append""|""relative:///src/java/org/apache/commons/lang/builder/ToStringBuilder.java:919:28:919:33""]], since dispatch depends on static types.
Method ToStringBuilder.append(..) could be confused with overloaded method [[""append""|""relative:///src/java/org/apache/commons/lang/builder/ToStringBuilder.java:873:28:873:33""]], since dispatch depends on static types.
Method ToStringBuilder.append(..) could be confused with overloaded method [[""append""|""relative:///src/java/org/apache/commons/lang/builder/ToStringBuilder.java:812:28:812:33""]], since dispatch depends on static types.","/src/java/org/apache/commons/lang/builder/ToStringBuilder.java","840","28","840","33"
"Confusing overloading of methods","Overloaded methods that have the same number of parameters, where each pair of corresponding parameter types is convertible by casting or autoboxing, may be confusing.","recommendation","Method ToStringBuilder.append(..) could be confused with overloaded method [[""append""|""relative:///src/java/org/apache/commons/lang/builder/ToStringBuilder.java:899:28:899:33""]], since dispatch depends on static types.
Method ToStringBuilder.append(..) could be confused with overloaded method [[""append""|""relative:///src/java/org/apache/commons/lang/builder/ToStringBuilder.java:853:28:853:33""]], since dispatch depends on static types.
Method ToStringBuilder.append(..) could be confused with overloaded method [[""append""|""relative:///src/java/org/apache/commons/lang/builder/ToStringBuilder.java:792:28:792:33""]], since dispatch depends on static types.","/src/java/org/apache/commons/lang/builder/ToStringBuilder.java","825","28","825","33"
"Confusing overloading of methods","Overloaded methods that have the same number of parameters, where each pair of corresponding parameter types is convertible by casting or autoboxing, may be confusing.","recommendation","Method ToStringBuilder.append(..) could be confused with overloaded method [[""append""|""relative:///src/java/org/apache/commons/lang/builder/ToStringBuilder.java:840:28:840:33""]], since dispatch depends on static types.","/src/java/org/apache/commons/lang/builder/ToStringBuilder.java","766","28","766","33"
"Confusing overloading of methods","Overloaded methods that have the same number of parameters, where each pair of corresponding parameter types is convertible by casting or autoboxing, may be confusing.","recommendation","Method ToStringBuilder.append(..) could be confused with overloaded method [[""append""|""relative:///src/java/org/apache/commons/lang/builder/ToStringBuilder.java:825:28:825:33""]], since dispatch depends on static types.","/src/java/org/apache/commons/lang/builder/ToStringBuilder.java","746","28","746","33"
"Confusing overloading of methods","Overloaded methods that have the same number of parameters, where each pair of corresponding parameter types is convertible by casting or autoboxing, may be confusing.","recommendation","Method ToStringBuilder.append(..) could be confused with overloaded method [[""append""|""relative:///src/java/org/apache/commons/lang/builder/ToStringBuilder.java:840:28:840:33""]], since dispatch depends on static types.","/src/java/org/apache/commons/lang/builder/ToStringBuilder.java","720","28","720","33"
"Confusing overloading of methods","Overloaded methods that have the same number of parameters, where each pair of corresponding parameter types is convertible by casting or autoboxing, may be confusing.","recommendation","Method ToStringBuilder.append(..) could be confused with overloaded method [[""append""|""relative:///src/java/org/apache/commons/lang/builder/ToStringBuilder.java:825:28:825:33""]], since dispatch depends on static types.","/src/java/org/apache/commons/lang/builder/ToStringBuilder.java","700","28","700","33"
"Confusing overloading of methods","Overloaded methods that have the same number of parameters, where each pair of corresponding parameter types is convertible by casting or autoboxing, may be confusing.","recommendation","Method ToStringBuilder.append(..) could be confused with overloaded method [[""append""|""relative:///src/java/org/apache/commons/lang/builder/ToStringBuilder.java:840:28:840:33""]], since dispatch depends on static types.","/src/java/org/apache/commons/lang/builder/ToStringBuilder.java","674","28","674","33"
"Confusing overloading of methods","Overloaded methods that have the same number of parameters, where each pair of corresponding parameter types is convertible by casting or autoboxing, may be confusing.","recommendation","Method ToStringBuilder.append(..) could be confused with overloaded method [[""append""|""relative:///src/java/org/apache/commons/lang/builder/ToStringBuilder.java:825:28:825:33""]], since dispatch depends on static types.","/src/java/org/apache/commons/lang/builder/ToStringBuilder.java","654","28","654","33"
"Confusing overloading of methods","Overloaded methods that have the same number of parameters, where each pair of corresponding parameter types is convertible by casting or autoboxing, may be confusing.","recommendation","Method ToStringBuilder.append(..) could be confused with overloaded method [[""append""|""relative:///src/java/org/apache/commons/lang/builder/ToStringBuilder.java:840:28:840:33""]], since dispatch depends on static types.","/src/java/org/apache/commons/lang/builder/ToStringBuilder.java","628","28","628","33"
"Confusing overloading of methods","Overloaded methods that have the same number of parameters, where each pair of corresponding parameter types is convertible by casting or autoboxing, may be confusing.","recommendation","Method ToStringBuilder.append(..) could be confused with overloaded method [[""append""|""relative:///src/java/org/apache/commons/lang/builder/ToStringBuilder.java:825:28:825:33""]], since dispatch depends on static types.","/src/java/org/apache/commons/lang/builder/ToStringBuilder.java","608","28","608","33"
"Confusing overloading of methods","Overloaded methods that have the same number of parameters, where each pair of corresponding parameter types is convertible by casting or autoboxing, may be confusing.","recommendation","Method ToStringBuilder.append(..) could be confused with overloaded method [[""append""|""relative:///src/java/org/apache/commons/lang/builder/ToStringBuilder.java:840:28:840:33""]], since dispatch depends on static types.","/src/java/org/apache/commons/lang/builder/ToStringBuilder.java","582","28","582","33"
"Confusing overloading of methods","Overloaded methods that have the same number of parameters, where each pair of corresponding parameter types is convertible by casting or autoboxing, may be confusing.","recommendation","Method ToStringBuilder.append(..) could be confused with overloaded method [[""append""|""relative:///src/java/org/apache/commons/lang/builder/ToStringBuilder.java:825:28:825:33""]], since dispatch depends on static types.","/src/java/org/apache/commons/lang/builder/ToStringBuilder.java","562","28","562","33"
"Confusing overloading of methods","Overloaded methods that have the same number of parameters, where each pair of corresponding parameter types is convertible by casting or autoboxing, may be confusing.","recommendation","Method ToStringBuilder.append(..) could be confused with overloaded method [[""append""|""relative:///src/java/org/apache/commons/lang/builder/ToStringBuilder.java:840:28:840:33""]], since dispatch depends on static types.","/src/java/org/apache/commons/lang/builder/ToStringBuilder.java","537","28","537","33"
"Confusing overloading of methods","Overloaded methods that have the same number of parameters, where each pair of corresponding parameter types is convertible by casting or autoboxing, may be confusing.","recommendation","Method ToStringBuilder.append(..) could be confused with overloaded method [[""append""|""relative:///src/java/org/apache/commons/lang/builder/ToStringBuilder.java:825:28:825:33""]], since dispatch depends on static types.","/src/java/org/apache/commons/lang/builder/ToStringBuilder.java","517","28","517","33"
"Confusing overloading of methods","Overloaded methods that have the same number of parameters, where each pair of corresponding parameter types is convertible by casting or autoboxing, may be confusing.","recommendation","Method ToStringBuilder.append(..) could be confused with overloaded method [[""append""|""relative:///src/java/org/apache/commons/lang/builder/ToStringBuilder.java:491:28:491:33""]], since dispatch depends on static types.
Method ToStringBuilder.append(..) could be confused with overloaded method [[""append""|""relative:///src/java/org/apache/commons/lang/builder/ToStringBuilder.java:463:28:463:33""]], since dispatch depends on static types.
Method ToStringBuilder.append(..) could be confused with overloaded method [[""append""|""relative:///src/java/org/apache/commons/lang/builder/ToStringBuilder.java:435:28:435:33""]], since dispatch depends on static types.","/src/java/org/apache/commons/lang/builder/ToStringBuilder.java","449","28","449","33"
"Confusing overloading of methods","Overloaded methods that have the same number of parameters, where each pair of corresponding parameter types is convertible by casting or autoboxing, may be confusing.","recommendation","Method ToStringBuilder.append(..) could be confused with overloaded method [[""append""|""relative:///src/java/org/apache/commons/lang/builder/ToStringBuilder.java:449:28:449:33""]], since dispatch depends on static types.","/src/java/org/apache/commons/lang/builder/ToStringBuilder.java","407","28","407","33"
"Confusing overloading of methods","Overloaded methods that have the same number of parameters, where each pair of corresponding parameter types is convertible by casting or autoboxing, may be confusing.","recommendation","Method ToStringBuilder.append(..) could be confused with overloaded method [[""append""|""relative:///src/java/org/apache/commons/lang/builder/ToStringBuilder.java:449:28:449:33""]], since dispatch depends on static types.","/src/java/org/apache/commons/lang/builder/ToStringBuilder.java","379","28","379","33"
"Confusing overloading of methods","Overloaded methods that have the same number of parameters, where each pair of corresponding parameter types is convertible by casting or autoboxing, may be confusing.","recommendation","Method ToStringBuilder.append(..) could be confused with overloaded method [[""append""|""relative:///src/java/org/apache/commons/lang/builder/ToStringBuilder.java:449:28:449:33""]], since dispatch depends on static types.","/src/java/org/apache/commons/lang/builder/ToStringBuilder.java","351","28","351","33"
"Confusing overloading of methods","Overloaded methods that have the same number of parameters, where each pair of corresponding parameter types is convertible by casting or autoboxing, may be confusing.","recommendation","Method ToStringBuilder.append(..) could be confused with overloaded method [[""append""|""relative:///src/java/org/apache/commons/lang/builder/ToStringBuilder.java:449:28:449:33""]], since dispatch depends on static types.","/src/java/org/apache/commons/lang/builder/ToStringBuilder.java","323","28","323","33"
"Confusing overloading of methods","Overloaded methods that have the same number of parameters, where each pair of corresponding parameter types is convertible by casting or autoboxing, may be confusing.","recommendation","Method ToStringBuilder.append(..) could be confused with overloaded method [[""append""|""relative:///src/java/org/apache/commons/lang/builder/ToStringBuilder.java:449:28:449:33""]], since dispatch depends on static types.","/src/java/org/apache/commons/lang/builder/ToStringBuilder.java","295","28","295","33"
"Confusing overloading of methods","Overloaded methods that have the same number of parameters, where each pair of corresponding parameter types is convertible by casting or autoboxing, may be confusing.","recommendation","Method ToStringBuilder.append(..) could be confused with overloaded method [[""append""|""relative:///src/java/org/apache/commons/lang/builder/ToStringBuilder.java:449:28:449:33""]], since dispatch depends on static types.","/src/java/org/apache/commons/lang/builder/ToStringBuilder.java","267","28","267","33"
"Confusing overloading of methods","Overloaded methods that have the same number of parameters, where each pair of corresponding parameter types is convertible by casting or autoboxing, may be confusing.","recommendation","Method ToStringStyle.appendSummary(..) could be confused with overloaded method [[""appendSummary""|""relative:///src/java/org/apache/commons/lang/builder/ToStringStyle.java:482:20:482:32""]], since dispatch depends on static types.","/src/java/org/apache/commons/lang/builder/ToStringStyle.java","1290","20","1290","32"
"Confusing overloading of methods","Overloaded methods that have the same number of parameters, where each pair of corresponding parameter types is convertible by casting or autoboxing, may be confusing.","recommendation","Method ToStringStyle.appendDetail(..) could be confused with overloaded method [[""appendDetail""|""relative:///src/java/org/apache/commons/lang/builder/ToStringStyle.java:445:20:445:31""]], since dispatch depends on static types.","/src/java/org/apache/commons/lang/builder/ToStringStyle.java","1270","20","1270","31"
"Confusing overloading of methods","Overloaded methods that have the same number of parameters, where each pair of corresponding parameter types is convertible by casting or autoboxing, may be confusing.","recommendation","Method ToStringStyle.append(..) could be confused with overloaded method [[""append""|""relative:///src/java/org/apache/commons/lang/builder/ToStringStyle.java:313:17:313:22""]], since dispatch depends on static types.","/src/java/org/apache/commons/lang/builder/ToStringStyle.java","1245","17","1245","22"
"Confusing overloading of methods","Overloaded methods that have the same number of parameters, where each pair of corresponding parameter types is convertible by casting or autoboxing, may be confusing.","recommendation","Method ToStringStyle.appendSummary(..) could be confused with overloaded method [[""appendSummary""|""relative:///src/java/org/apache/commons/lang/builder/ToStringStyle.java:482:20:482:32""]], since dispatch depends on static types.","/src/java/org/apache/commons/lang/builder/ToStringStyle.java","1229","20","1229","32"
"Confusing overloading of methods","Overloaded methods that have the same number of parameters, where each pair of corresponding parameter types is convertible by casting or autoboxing, may be confusing.","recommendation","Method ToStringStyle.appendDetail(..) could be confused with overloaded method [[""appendDetail""|""relative:///src/java/org/apache/commons/lang/builder/ToStringStyle.java:445:20:445:31""]], since dispatch depends on static types.","/src/java/org/apache/commons/lang/builder/ToStringStyle.java","1209","20","1209","31"
"Confusing overloading of methods","Overloaded methods that have the same number of parameters, where each pair of corresponding parameter types is convertible by casting or autoboxing, may be confusing.","recommendation","Method ToStringStyle.append(..) could be confused with overloaded method [[""append""|""relative:///src/java/org/apache/commons/lang/builder/ToStringStyle.java:313:17:313:22""]], since dispatch depends on static types.","/src/java/org/apache/commons/lang/builder/ToStringStyle.java","1184","17","1184","22"
"Confusing overloading of methods","Overloaded methods that have the same number of parameters, where each pair of corresponding parameter types is convertible by casting or autoboxing, may be confusing.","recommendation","Method ToStringStyle.appendSummary(..) could be confused with overloaded method [[""appendSummary""|""relative:///src/java/org/apache/commons/lang/builder/ToStringStyle.java:482:20:482:32""]], since dispatch depends on static types.","/src/java/org/apache/commons/lang/builder/ToStringStyle.java","1168","20","1168","32"
"Confusing overloading of methods","Overloaded methods that have the same number of parameters, where each pair of corresponding parameter types is convertible by casting or autoboxing, may be confusing.","recommendation","Method ToStringStyle.appendDetail(..) could be confused with overloaded method [[""appendDetail""|""relative:///src/java/org/apache/commons/lang/builder/ToStringStyle.java:445:20:445:31""]], since dispatch depends on static types.","/src/java/org/apache/commons/lang/builder/ToStringStyle.java","1148","20","1148","31"
"Confusing overloading of methods","Overloaded methods that have the same number of parameters, where each pair of corresponding parameter types is convertible by casting or autoboxing, may be confusing.","recommendation","Method ToStringStyle.append(..) could be confused with overloaded method [[""append""|""relative:///src/java/org/apache/commons/lang/builder/ToStringStyle.java:313:17:313:22""]], since dispatch depends on static types.","/src/java/org/apache/commons/lang/builder/ToStringStyle.java","1123","17","1123","22"
"Confusing overloading of methods","Overloaded methods that have the same number of parameters, where each pair of corresponding parameter types is convertible by casting or autoboxing, may be confusing.","recommendation","Method ToStringStyle.appendSummary(..) could be confused with overloaded method [[""appendSummary""|""relative:///src/java/org/apache/commons/lang/builder/ToStringStyle.java:482:20:482:32""]], since dispatch depends on static types.","/src/java/org/apache/commons/lang/builder/ToStringStyle.java","1107","20","1107","32"
"Confusing overloading of methods","Overloaded methods that have the same number of parameters, where each pair of corresponding parameter types is convertible by casting or autoboxing, may be confusing.","recommendation","Method ToStringStyle.appendDetail(..) could be confused with overloaded method [[""appendDetail""|""relative:///src/java/org/apache/commons/lang/builder/ToStringStyle.java:445:20:445:31""]], since dispatch depends on static types.","/src/java/org/apache/commons/lang/builder/ToStringStyle.java","1087","20","1087","31"
"Confusing overloading of methods","Overloaded methods that have the same number of parameters, where each pair of corresponding parameter types is convertible by casting or autoboxing, may be confusing.","recommendation","Method ToStringStyle.append(..) could be confused with overloaded method [[""append""|""relative:///src/java/org/apache/commons/lang/builder/ToStringStyle.java:313:17:313:22""]], since dispatch depends on static types.","/src/java/org/apache/commons/lang/builder/ToStringStyle.java","1062","17","1062","22"
"Confusing overloading of methods","Overloaded methods that have the same number of parameters, where each pair of corresponding parameter types is convertible by casting or autoboxing, may be confusing.","recommendation","Method ToStringStyle.appendSummary(..) could be confused with overloaded method [[""appendSummary""|""relative:///src/java/org/apache/commons/lang/builder/ToStringStyle.java:482:20:482:32""]], since dispatch depends on static types.","/src/java/org/apache/commons/lang/builder/ToStringStyle.java","1046","20","1046","32"
"Confusing overloading of methods","Overloaded methods that have the same number of parameters, where each pair of corresponding parameter types is convertible by casting or autoboxing, may be confusing.","recommendation","Method ToStringStyle.appendDetail(..) could be confused with overloaded method [[""appendDetail""|""relative:///src/java/org/apache/commons/lang/builder/ToStringStyle.java:445:20:445:31""]], since dispatch depends on static types.","/src/java/org/apache/commons/lang/builder/ToStringStyle.java","1026","20","1026","31"
"Confusing overloading of methods","Overloaded methods that have the same number of parameters, where each pair of corresponding parameter types is convertible by casting or autoboxing, may be confusing.","recommendation","Method ToStringStyle.append(..) could be confused with overloaded method [[""append""|""relative:///src/java/org/apache/commons/lang/builder/ToStringStyle.java:313:17:313:22""]], since dispatch depends on static types.","/src/java/org/apache/commons/lang/builder/ToStringStyle.java","1001","17","1001","22"
"Confusing overloading of methods","Overloaded methods that have the same number of parameters, where each pair of corresponding parameter types is convertible by casting or autoboxing, may be confusing.","recommendation","Method ToStringStyle.appendSummary(..) could be confused with overloaded method [[""appendSummary""|""relative:///src/java/org/apache/commons/lang/builder/ToStringStyle.java:482:20:482:32""]], since dispatch depends on static types.","/src/java/org/apache/commons/lang/builder/ToStringStyle.java","924","20","924","32"
"Confusing overloading of methods","Overloaded methods that have the same number of parameters, where each pair of corresponding parameter types is convertible by casting or autoboxing, may be confusing.","recommendation","Method ToStringStyle.appendDetail(..) could be confused with overloaded method [[""appendDetail""|""relative:///src/java/org/apache/commons/lang/builder/ToStringStyle.java:445:20:445:31""]], since dispatch depends on static types.","/src/java/org/apache/commons/lang/builder/ToStringStyle.java","904","20","904","31"
"Confusing overloading of methods","Overloaded methods that have the same number of parameters, where each pair of corresponding parameter types is convertible by casting or autoboxing, may be confusing.","recommendation","Method ToStringStyle.append(..) could be confused with overloaded method [[""append""|""relative:///src/java/org/apache/commons/lang/builder/ToStringStyle.java:313:17:313:22""]], since dispatch depends on static types.","/src/java/org/apache/commons/lang/builder/ToStringStyle.java","879","17","879","22"
"Confusing overloading of methods","Overloaded methods that have the same number of parameters, where each pair of corresponding parameter types is convertible by casting or autoboxing, may be confusing.","recommendation","Method ToStringStyle.appendSummary(..) could be confused with overloaded method [[""appendSummary""|""relative:///src/java/org/apache/commons/lang/builder/ToStringStyle.java:985:20:985:32""]], since dispatch depends on static types.
Method ToStringStyle.appendSummary(..) could be confused with overloaded method [[""appendSummary""|""relative:///src/java/org/apache/commons/lang/builder/ToStringStyle.java:863:20:863:32""]], since dispatch depends on static types.
Method ToStringStyle.appendSummary(..) could be confused with overloaded method [[""appendSummary""|""relative:///src/java/org/apache/commons/lang/builder/ToStringStyle.java:802:20:802:32""]], since dispatch depends on static types.","/src/java/org/apache/commons/lang/builder/ToStringStyle.java","482","20","482","32"
"Confusing overloading of methods","Overloaded methods that have the same number of parameters, where each pair of corresponding parameter types is convertible by casting or autoboxing, may be confusing.","recommendation","Method ToStringStyle.appendDetail(..) could be confused with overloaded method [[""appendDetail""|""relative:///src/java/org/apache/commons/lang/builder/ToStringStyle.java:965:20:965:31""]], since dispatch depends on static types.
Method ToStringStyle.appendDetail(..) could be confused with overloaded method [[""appendDetail""|""relative:///src/java/org/apache/commons/lang/builder/ToStringStyle.java:843:20:843:31""]], since dispatch depends on static types.
Method ToStringStyle.appendDetail(..) could be confused with overloaded method [[""appendDetail""|""relative:///src/java/org/apache/commons/lang/builder/ToStringStyle.java:749:20:749:31""]], since dispatch depends on static types.
Method ToStringStyle.appendDetail(..) could be confused with overloaded method [[""appendDetail""|""relative:///src/java/org/apache/commons/lang/builder/ToStringStyle.java:469:20:469:31""]], since dispatch depends on static types.
Method ToStringStyle.appendDetail(..) could be confused with overloaded method [[""appendDetail""|""relative:///src/java/org/apache/commons/lang/builder/ToStringStyle.java:457:20:457:31""]], since dispatch depends on static types.","/src/java/org/apache/commons/lang/builder/ToStringStyle.java","445","20","445","31"
"Confusing overloading of methods","Overloaded methods that have the same number of parameters, where each pair of corresponding parameter types is convertible by casting or autoboxing, may be confusing.","recommendation","Method ToStringStyle.append(..) could be confused with overloaded method [[""append""|""relative:///src/java/org/apache/commons/lang/builder/ToStringStyle.java:940:17:940:22""]], since dispatch depends on static types.
Method ToStringStyle.append(..) could be confused with overloaded method [[""append""|""relative:///src/java/org/apache/commons/lang/builder/ToStringStyle.java:818:17:818:22""]], since dispatch depends on static types.
Method ToStringStyle.append(..) could be confused with overloaded method [[""append""|""relative:///src/java/org/apache/commons/lang/builder/ToStringStyle.java:722:17:722:22""]], since dispatch depends on static types.","/src/java/org/apache/commons/lang/builder/ToStringStyle.java","313","17","313","22"
"Reference equality test on strings","Comparing two strings using the == or != operator compares object identity, which may not be intended.","warning","String values compared with  == .","/src/java/org/apache/commons/lang/BooleanUtils.java","614","13","614","25"
"Reference equality test on strings","Comparing two strings using the == or != operator compares object identity, which may not be intended.","warning","String values compared with  == .","/src/java/org/apache/commons/lang/StringUtils.java","4863","13","4863","24"
